<?xml version="1.0" encoding="UTF-8" standalone="yes"?>
<addon id="plugin.audio.podcasts" name="RSS Podcasts"
	version="0.0.2" provider-name="Heckie">
	<requires>
		<import addon="xbmc.python" version="2.25.0" />
	</requires>
	<extension point="xbmc.python.pluginsource" library="addon.py">
		<provides>audio</provides>
	</extension>
	<extension point="xbmc.addon.metadata">
		<summary lang="en_gb">RSS Podcasts in KODI</summary>
		<description lang="en_gb">RSS Podcasts in KODI</description>
		<disclaimer lang="en_gb"></disclaimer>
		<language></language>
		<platform>all</platform>
		<license></license>
		<forum></forum>
		<website></website>
		<email></email>
		<source></source>
		<news></news>
		<assets>
			<icon>icon.png</icon>
			<fanart>fanart.png</fanart>
			<screenshot>resources/assets/screen_01_overview.png</screenshot>
		</assets>
	</extension>
</addon>
