<?xml version="1.0" encoding="UTF-8" standalone="yes"?>
<addon id="plugin.audio.podcasts" name="RSS Podcasts" version="2.0.3-pre2" provider-name="Heckie">
	<requires>
		<import addon="xbmc.python" version="3.0.0" />
		<import addon="script.module.requests" version="2.25.1" />
		<import addon="script.module.xmltodict" version="0.12.0+matrix.2" />
	</requires>
	<extension point="xbmc.python.pluginsource" library="addon.py">
		<provides>audio video</provides>
	</extension>
	<extension point="xbmc.addon.metadata">
		<summary lang="en_GB">RSS Podcasts in KODI</summary>
		<description lang="en_GB">RSS Podcasts in KODI</description>
		<language>de_de</language>
		<language>en_gb</language>
		<platform>all</platform>
		<license>MIT</license>
		<website>https://github.com/Heckie75/kodi-addon-podcast</website>
		<source>https://github.com/Heckie75/kodi-addon-podcast</source>
		<news>
v2.0.3 (2021-05-21)
- Added support for importing OPML files from your gPodder subscriptions and from local files 
- Added plot to video podcasts
- many refactorings

v2.0.2 (2021-05-14)
- Bugfix according missing HTTP header and improved exception handling:
  - see https://github.com/Heckie75/kodi-addon-podcast/issues/4
  - see https://github.com/Heckie75/kodi-addon-podcast/issues/5
- new setting for anchor for latest item in order to turn it on/off   

v2.0.1 (2021-05-12)
- Bugfix for Kodi v19 which has no order by date. Only availble in Kodi v20

v2.0.0 (2021-05-11)
- Migration to Kodi 19 (Matrix)</news>
		<assets>
			<icon>resources/assets/icon.png</icon>
			<fanart>resources/assets/fanart.png</fanart>
			<screenshot>resources/assets/screenshot_01.png</screenshot>
			<screenshot>resources/assets/screenshot_02.png</screenshot>
			<screenshot>resources/assets/screenshot_03.png</screenshot>
			<screenshot>resources/assets/screenshot_04.png</screenshot>
			<screenshot>resources/assets/screenshot_05.png</screenshot>
		</assets>
	</extension>
</addon>
